"LCID:","TAG:","NEGFMT:","GROUP:","SEP:","SepA","DEC:","DecA","TIMEFORMAT:","DATEFORMAT:","LAYOUT","NAME:","NATIVE:"
"'0036'","af","-n","3;0","' '",160,"','",44,"h:mm:ss","yyyy-MM-dd","ltr","Afrikaans","Afrikaans"
"'0436'","af-ZA","-n","3;0","' '",160,"','",44,"h:mm:ss","yyyy-MM-dd","ltr","Afrikaans (South Africa)","Afrikaans (Suid-Afrika)"
"'001C'","sq","-n","3;0","' '",160,"','",44,"h:mm:ss","d.M.yyyy","ltr","Albanian","shqip"
"'041C'","sq-AL","-n","3;0","' '",160,"','",44,"h:mm:ss","d.M.yyyy","ltr","Albanian (Albania)","shqip (Shqipëri)"
"'0484'","gsw-FR","-n","3;0","' '",160,"','",44,"hh:mm:ss","dd/MM/yyyy","ltr","Alsatian (France)","Elsässisch (Frànkrisch)"
"'005E'","am","-n","3;0","','",44,"'.'",46,"h:mm:ss","dd/MM/yyyy","ltr","Amharic","አማርኛ"
"'045E'","am-ET","-n","3;0","','",44,"'.'",46,"h:mm:ss","dd/MM/yyyy","ltr","Amharic (Ethiopia)","አማርኛ (ኢትዮጵያ)"
"'0001'","ar","-n","3;0","','",44,"'.'",46,"hh:mm:ss","dd/MM/yyyy","rtl","Arabic","العربية"
"'1401'","ar-DZ","-n","3;0","','",44,"'.'",46,"h:mm:ss","dd-MM-yyyy","rtl","Arabic (Algeria)","العربية (الجزائر)"
"'3C01'","ar-BH","-n","3;0","','",44,"'.'",46,"hh:mm:ss","dd/MM/yyyy","rtl","Arabic (Bahrain)","العربية (البحرين)"
"'0C01'","ar-EG","-n","3;0","','",44,"'.'",46,"hh:mm:ss","dd/MM/yyyy","rtl","Arabic (Egypt)","العربية (مصر)"
"'0801'","ar-IQ","-n","3;0","','",44,"'.'",46,"hh:mm:ss","dd/MM/yyyy","rtl","Arabic (Iraq)","العربية (العراق)"
"'2C01'","ar-JO","-n","3;0","','",44,"'.'",46,"hh:mm:ss","dd/MM/yyyy","rtl","Arabic (Jordan)","العربية (الأردن)"
"'3401'","ar-KW","-n","3;0","','",44,"'.'",46,"hh:mm:ss","dd/MM/yyyy","rtl","Arabic (Kuwait)","العربية (الكويت)"
"'3001'","ar-LB","-n","3;0","','",44,"'.'",46,"hh:mm:ss","dd/MM/yyyy","rtl","Arabic (Lebanon)","العربية (لبنان)"
"'1001'","ar-LY","-n","3;0","','",44,"'.'",46,"hh:mm:ss","dd/MM/yyyy","rtl","Arabic (Libya)","العربية (ليبيا)"
"'1801'","ar-MA","-n","3;0","','",44,"'.'",46,"h:mm:ss","dd-MM-yyyy","rtl","Arabic (Morocco)","العربية (المملكة المغربية)"
"'2001'","ar-OM","-n","3;0","','",44,"'.'",46,"hh:mm:ss","dd/MM/yyyy","rtl","Arabic (Oman)","العربية (عمان)"
"'4001'","ar-QA","-n","3;0","','",44,"'.'",46,"hh:mm:ss","dd/MM/yyyy","rtl","Arabic (Qatar)","العربية (قطر)"
"'0401'","ar-SA","-n","3;0","','",44,"'.'",46,"hh:mm:ss","dd/MM/yyyy","rtl","Arabic (Saudi Arabia)","العربية (المملكة العربية السعودية)"
"'2801'","ar-SY","-n","3;0","','",44,"'.'",46,"hh:mm:ss","dd/MM/yyyy","rtl","Arabic (Syria)","العربية (سوريا)"
"'1C01'","ar-TN","-n","3;0","','",44,"'.'",46,"h:mm:ss","dd-MM-yyyy","rtl","Arabic (Tunisia)","العربية (تونس)"
"'3801'","ar-AE","-n","3;0","','",44,"'.'",46,"hh:mm:ss","dd/MM/yyyy","rtl","Arabic (United Arab Emirates)","العربية (الإمارات العربية المتحدة)"
"'2401'","ar-YE","-n","3;0","','",44,"'.'",46,"hh:mm:ss","dd/MM/yyyy","rtl","Arabic (Yemen)","العربية (اليمن)"
"'002B'","hy","-n","3;0","','",44,"'.'",46,"hh:mm:ss","dd.MM.yyyy","ltr","Armenian","Հայերեն"
"'042B'","hy-AM","-n","3;0","','",44,"'.'",46,"hh:mm:ss","dd.MM.yyyy","ltr","Armenian (Armenia)","Հայերեն (Հայաստան)"
"'004D'","as","-n","3;2;0","','",44,"'.'",46,"h:mm:ss","dd-MM-yyyy","ltr","Assamese","অসমীয়া"
"'044D'","as-IN","-n","3;2;0","','",44,"'.'",46,"h:mm:ss","dd-MM-yyyy","ltr","Assamese (India)","অসমীয়া (ভাৰত)"
"'002C'","az","-n","3;0","'.'",46,"','",44,"h:mm:ss","dd.MM.yyyy","ltr","Azerbaijani","azərbaycan"
"'082C'","az-Cyrl-AZ","-n","3;0","' '",160,"','",44,"h:mm:ss","dd.MM.yyyy","ltr","Azerbaijani (Cyrillic, Azerbaijan)","азәрбајҹан (Азәрбајҹан)"
"'742C'","az-Cyrl","-n","3;0","' '",160,"','",44,"h:mm:ss","dd.MM.yyyy","ltr","Azerbaijani (Cyrillic)","Азәрбајҹан дили (Кирил)"
"'042C'","az-Latn-AZ","-n","3;0","'.'",46,"','",44,"h:mm:ss","dd.MM.yyyy","ltr","Azerbaijani (Latin, Azerbaijan)","azərbaycan (Azərbaycan)"
"'782C'","az-Latn","-n","3;0","'.'",46,"','",44,"h:mm:ss","dd.MM.yyyy","ltr","Azerbaijani (Latin)","Azərbaycan­ılı (Latın)"
"'0045'","bn","-n","3;2;0","','",44,"'.'",46,"h:mm:ss","d/M/yyyy","ltr","Bangla","বাংলা"
"'0845'","bn-BD","-n","3;2;0","','",44,"'.'",46,"h:mm:ss","d/M/yyyy","ltr","Bangla (Bangladesh)","বাংলা (বাংলাদেশ)"
"'006D'","ba","-n","3;0","' '",160,"','",44,"h:mm:ss","dd.MM.yy","ltr","Bashkir","Башҡорт"
"'046D'","ba-RU","-n","3;0","' '",160,"','",44,"h:mm:ss","dd.MM.yy","ltr","Bashkir (Russia)","Башҡорт (Рәсәй)"
"'002D'","eu","-n","3;0","'.'",46,"','",44,"h:mm:ss","yyyy/M/d","ltr","Basque","euskara"
"'042D'","eu-ES","-n","3;0","'.'",46,"','",44,"h:mm:ss","yyyy/M/d","ltr","Basque (Basque)","euskara (euskara)"
"'0023'","be","-n","3;0","' '",160,"','",44,"hh:mm:ss","dd.MM.yy","ltr","Belarusian","Беларуская"
"'0423'","be-BY","-n","3;0","' '",160,"','",44,"hh:mm:ss","dd.MM.yy","ltr","Belarusian (Belarus)","Беларуская (Беларусь)"
"'0445'","bn-IN","-n","3;2;0","','",44,"'.'",46,"hh.mm.ss","dd-MM-yy","ltr","Bengali (India)","বাংলা (ভারত)"
"'781A'","bs","-n","3;0","'.'",46,"','",44,"h:mm:ss","d. M. yyyy.","ltr","Bosnian","bosanski"
"'201A'","bs-Cyrl-BA","-n","3;0","'.'",46,"','",44,"h:mm:ss","d.M.yyyy","ltr","Bosnian (Cyrillic, Bosnia and Herzegovina)","босански (Босна и Херцеговина)"
"'641A'","bs-Cyrl","-n","3;0","'.'",46,"','",44,"h:mm:ss","d.M.yyyy","ltr","Bosnian (Cyrillic)","босански (Ћирилица)"
"'141A'","bs-Latn-BA","-n","3;0","'.'",46,"','",44,"h:mm:ss","d. M. yyyy.","ltr","Bosnian (Latin, Bosnia & Herzegovina)","bosanski (Bosna i Hercegovina)"
"'681A'","bs-Latn","-n","3;0","'.'",46,"','",44,"h:mm:ss","d. M. yyyy.","ltr","Bosnian (Latin)","bosanski (Latinica)"
"'007E'","br","-n","3;0","' '",160,"','",44,"h:mm:ss","dd/MM/yyyy","ltr","Breton","brezhoneg"
"'047E'","br-FR","-n","3;0","' '",160,"','",44,"h:mm:ss","dd/MM/yyyy","ltr","Breton (France)","brezhoneg (Frañs)"
"'0002'","bg","-n","3;0","' '",160,"','",44,"hh:mm:ss","d.M.yyyy 'г.'","ltr","Bulgarian","български"
"'0402'","bg-BG","-n","3;0","' '",160,"','",44,"hh:mm:ss","d.M.yyyy 'г.'","ltr","Bulgarian (Bulgaria)","български (България)"
"'0055'","my","-n","3;0","','",44,"'.'",46,"h:mm:ss","dd-MM-yyyy","ltr","Burmese","ဗမာ"
"'0455'","my-MM","-n","3;0","','",44,"'.'",46,"h:mm:ss","dd-MM-yyyy","ltr","Burmese (Myanmar)","မြန်မာ (မြန်မာ)"
"'0003'","ca","-n","3;0","'.'",46,"','",44,"h:mm:ss","d/M/yyyy","ltr","Catalan","català"
"'0403'","ca-ES","-n","3;0","'.'",46,"','",44,"h:mm:ss","d/M/yyyy","ltr","Catalan (Catalan)","català (català)"
"'005F'","tzm","-n","3;0","' '",160,"','",44,"h:mm:ss","dd-MM-yyyy","ltr","Central Atlas Tamazight","Tamaziɣt n laṭlaṣ"
"'045F'","tzm-Arab-MA","-n","3;0","' '",160,"','",44,"h:mm:ss","d/M/yyyy","rtl","Central Atlas Tamazight (Arabic, Morocco)","أطلس المركزية التامازيتية (Morocco)"
"'085F'","tzm-Latn-DZ","-n","3;0","' '",160,"','",44,"h:mm:ss","dd-MM-yyyy","ltr","Central Atlas Tamazight (Latin, Algeria)","Tamaziɣt n laṭlaṣ (Djazaïr)"
"'7C5F'","tzm-Latn","-n","3;0","' '",160,"','",44,"h:mm:ss","dd-MM-yyyy","ltr","Central Atlas Tamazight (Latin)","Tamaziɣt n laṭlaṣ (Latin)"
"'105F'","tzm-Tfng-MA","-n","3;0","' '",160,"','",44,"h:mm:ss","dd-MM-yyyy","ltr","Central Atlas Tamazight (Tifinagh, Morocco)","ⵜⴰⵎⴰⵣⵉⵖⵜ (ⵍⵎⵖⵔⵉⴱ)"
"'785F'","tzm-Tfng","-n","3;0","' '",160,"','",44,"h:mm:ss","dd-MM-yyyy","ltr","Central Atlas Tamazight (Tifinagh)","Tamazight (Tifinagh)"
"'0092'","ku","-n","3;0","','",44,"'.'",46,"hh:mm:ss","yyyy/MM/dd","rtl","Central Kurdish","کوردیی ناوەڕاست"
"'7C92'","ku-Arab","-n","3;0","','",44,"'.'",46,"hh:mm:ss","yyyy/MM/dd","rtl","Central Kurdish","کوردیی ناوەڕاست"
"'0492'","ku-Arab-IQ","-n","3;0","','",44,"'.'",46,"hh:mm:ss","yyyy/MM/dd","rtl","Central Kurdish (Iraq)","کوردیی ناوەڕاست (عێراق)"
"'005C'","chr","-n","3;0","','",44,"'.'",46,"h:mm:ss","M/d/yyyy","ltr","Cherokee","ᏣᎳᎩ"
"'7C5C'","chr-Cher","-n","3;0","','",44,"'.'",46,"h:mm:ss","M/d/yyyy","ltr","Cherokee","ᏣᎳᎩ"
"'045C'","chr-Cher-US","-n","3;0","','",44,"'.'",46,"h:mm:ss","M/d/yyyy","ltr","Cherokee (Cherokee, United States)","ᏣᎳᎩ (ᏌᏊ ᎢᏳᎾᎵᏍᏔᏅ ᏍᎦᏚᎩ)"
"'7804'","zh","-n","3;0","','",44,"'.'",46,"h:mm:ss","yyyy/M/d","ja-JP","Chinese","中文"
"'0804'","zh-CN","-n","3;0","','",44,"'.'",46,"h:mm:ss","yyyy/M/d","ja-JP","Chinese (Simplified, China)","中文(中国)"
"'1004'","zh-SG","-n","3;0","','",44,"'.'",46,"h:mm:ss","d/M/yyyy","ja-JP","Chinese (Simplified, Singapore)","中文(新加坡)"
"'0004'","zh-Hans","-n","3;0","','",44,"'.'",46,"h:mm:ss","yyyy/M/d","ja-JP","Chinese (Simplified)","中文(简体)"
"'0C04'","zh-HK","-n","3;0","','",44,"'.'",46,"h:mm:ss","d/M/yyyy","ja-JP","Chinese (Traditional, Hong Kong SAR)","中文(香港特別行政區)"
"'1404'","zh-MO","-n","3;0","','",44,"'.'",46,"h:mm:ss","d/M/yyyy","ltr","Chinese (Traditional, Macao SAR)","中文(澳門特別行政區)"
"'0404'","zh-TW","-n","3;0","','",44,"'.'",46,"hh:mm:ss","yyyy/M/d","ja-JP","Chinese (Traditional, Taiwan)","中文(台灣)"
"'7C04'","zh-Hant","-n","3;0","','",44,"'.'",46,"h:mm:ss","d/M/yyyy","ja-JP","Chinese (Traditional)","中文(繁體)"
"'0083'","co","-n","3;0","' '",160,"','",44,"hh:mm:ss","dd/MM/yyyy","ltr","Corsican","Corsu"
"'0483'","co-FR","-n","3;0","' '",160,"','",44,"hh:mm:ss","dd/MM/yyyy","ltr","Corsican (France)","Corsu (Francia)"
"'001A'","hr","-n","3;0","'.'",46,"','",44,"h:mm:ss","d.M.yyyy.","ltr","Croatian","hrvatski"
"'101A'","hr-BA","-n","3;0","'.'",46,"','",44,"h:mm:ss","d. M. yyyy.","ltr","Croatian (Bosnia & Herzegovina)","hrvatski (Bosna i Hercegovina)"
"'041A'","hr-HR","-n","3;0","'.'",46,"','",44,"h:mm:ss","d.M.yyyy.","ltr","Croatian (Croatia)","hrvatski (Hrvatska)"
"'0005'","cs","-n","3;0","' '",160,"','",44,"h:mm:ss","dd.MM.yyyy","ltr","Czech","čeština"
"'0405'","cs-CZ","-n","3;0","' '",160,"','",44,"h:mm:ss","dd.MM.yyyy","ltr","Czech (Czechia)","čeština (Česko)"
"'0006'","da","-n","3;0","'.'",46,"','",44,"hh:mm:ss","dd-MM-yyyy","ltr","Danish","dansk"
"'0406'","da-DK","-n","3;0","'.'",46,"','",44,"hh:mm:ss","dd-MM-yyyy","ltr","Danish (Denmark)","dansk (Danmark)"
"'008C'","prs","n-","3;0","'.'",46,"','",44,"h:mm:ss","yyyy/M/d","rtl","Dari","درى"
"'048C'","prs-AF","n-","3;0","'.'",46,"','",44,"h:mm:ss","yyyy/M/d","rtl","Dari (Afghanistan)","درى (افغانستان)"
"'0065'","dv","-n","3;0","','",44,"'.'",46,"hh:mm:ss","dd/MM/yy","rtl","Divehi","ދިވެހިބަސް"
"'0465'","dv-MV","-n","3;0","','",44,"'.'",46,"hh:mm:ss","dd/MM/yy","rtl","Divehi (Maldives)","ދިވެހިބަސް (ދިވެހި ރާއްޖެ)"
"'0013'","nl","-n","3;0","'.'",46,"','",44,"h:mm:ss","d-M-yyyy","ltr","Dutch","Nederlands"
"'0813'","nl-BE","-n","3;0","'.'",46,"','",44,"h:mm:ss","d/MM/yyyy","ltr","Dutch (Belgium)","Nederlands (België)"
"'0413'","nl-NL","-n","3;0","'.'",46,"','",44,"h:mm:ss","d-M-yyyy","ltr","Dutch (Netherlands)","Nederlands (Nederland)"
"'0C51'","dz-BT","-n","3;2;0","','",44,"'.'",46,"h:mm:ss","yyyy-MM-dd","ltr","Dzongkha (Bhutan)","རྫོང་ཁ (འབྲུག)"
"'0066'","bin","-n","3;0","','",44,"'.'",46,"h:mm:ss","d/M/yyyy","ltr","Edo","Ẹ̀dó"
"'0466'","bin-NG","-n","3;0","','",44,"'.'",46,"h:mm:ss","d/M/yyyy","ltr","Edo (Nigeria)","Ẹ̀dó (Nigeria)"
"'0009'","en","-n","3;0","','",44,"'.'",46,"h:mm:ss","M/d/yyyy","ltr","English","English"
"'0C09'","en-AU","-n","3;0","','",44,"'.'",46,"h:mm:ss","d/MM/yyyy","ltr","English (Australia)","English (Australia)"
"'2809'","en-BZ","-n","3;0","','",44,"'.'",46,"h:mm:ss","dd/MM/yyyy","ltr","English (Belize)","English (Belize)"
"'1009'","en-CA","-n","3;0","','",44,"'.'",46,"h:mm:ss","yyyy-MM-dd","ltr","English (Canada)","English (Canada)"
"'2409'","en-029","-n","3;0","','",44,"'.'",46,"h:mm:ss","dd/MM/yyyy","ltr","English (Caribbean)","English (Caribbean)"
"'3C09'","en-HK","-n","3;0","','",44,"'.'",46,"h:mm:ss","d/M/yyyy","ltr","English (Hong Kong SAR)","English (Hong Kong SAR)"
"'4009'","en-IN","-n","3;2;0","','",44,"'.'",46,"hh:mm:ss","dd-MM-yyyy","ltr","English (India)","English (India)"
"'3809'","en-ID","-n","3;0","'.'",46,"','",44,"h:mm:ss","dd/MM/yyyy","ltr","English (Indonesia)","English (Indonesia)"
"'1809'","en-IE","-n","3;0","','",44,"'.'",46,"h:mm:ss","dd/MM/yyyy","ltr","English (Ireland)","English (Ireland)"
"'2009'","en-JM","-n","3;0","','",44,"'.'",46,"h:mm:ss","d/M/yyyy","ltr","English (Jamaica)","English (Jamaica)"
"'4409'","en-MY","-n","3;0","','",44,"'.'",46,"h:mm:ss","d/M/yyyy","ltr","English (Malaysia)","English (Malaysia)"
"'1409'","en-NZ","-n","3;0","','",44,"'.'",46,"h:mm:ss","d/MM/yyyy","ltr","English (New Zealand)","English (New Zealand)"
"'3409'","en-PH","-n","3;0","','",44,"'.'",46,"h:mm:ss","dd/MM/yyyy","ltr","English (Philippines)","English (Philippines)"
"'4809'","en-SG","-n","3;0","','",44,"'.'",46,"h:mm:ss","d/M/yyyy","ltr","English (Singapore)","English (Singapore)"
"'1C09'","en-ZA","-n","3;0","' '",160,"','",44,"h:mm:ss","yyyy/MM/dd","ltr","English (South Africa)","English (South Africa)"
"'2C09'","en-TT","-n","3;0","','",44,"'.'",46,"h:mm:ss","dd/MM/yyyy","ltr","English (Trinidad & Tobago)","English (Trinidad & Tobago)"
"'4C09'","en-AE","-n","3;0","','",44,"'.'",46,"h:mm:ss","dd/MM/yyyy","ltr","English (United Arab Emirates)","English (United Arab Emirates)"
"'0809'","en-GB","-n","3;0","','",44,"'.'",46,"hh:mm:ss","dd/MM/yyyy","ltr","English (United Kingdom)","English (United Kingdom)"
"'0409'","en-US","-n","3;0","','",44,"'.'",46,"h:mm:ss","yyyy-MM-dd","ltr","English (United States)","English (United States)"
"'3009'","en-ZW","-n","3;0","','",44,"'.'",46,"h:mm:ss","d/M/yyyy","ltr","English (Zimbabwe)","English (Zimbabwe)"
"'0025'","et","-n","3;0","' '",160,"','",44,"h:mm:ss","dd.MM.yyyy","ltr","Estonian","eesti"
"'0425'","et-EE","-n","3;0","' '",160,"','",44,"h:mm:ss","dd.MM.yyyy","ltr","Estonian (Estonia)","eesti (Eesti)"
"'0038'","fo","-n","3;0","'.'",46,"','",44,"h:mm:ss","dd.MM.yyyy","ltr","Faroese","føroyskt"
"'0438'","fo-FO","-n","3;0","'.'",46,"','",44,"h:mm:ss","dd.MM.yyyy","ltr","Faroese (Faroe Islands)","føroyskt (Føroyar)"
"'0064'","fil","-n","3;0","','",44,"'.'",46,"h:mm:ss","M/d/yyyy","ltr","Filipino","Filipino"
"'0464'","fil-PH","-n","3;0","','",44,"'.'",46,"h:mm:ss","M/d/yyyy","ltr","Filipino (Philippines)","Filipino (Pilipinas)"
"'000B'","fi","-n","3;0","' '",160,"','",44,"h.mm.ss","d.M.yyyy","ltr","Finnish","suomi"
"'040B'","fi-FI","-n","3;0","' '",160,"','",44,"h.mm.ss","d.M.yyyy","ltr","Finnish (Finland)","suomi (Suomi)"
"'000C'","fr","-n","3;0","' '",160,"','",44,"hh:mm:ss","dd/MM/yyyy","ltr","French","français"
"'080C'","fr-BE","-n","3;0","'.'",46,"','",44,"h:mm:ss","dd-MM-yy","ltr","French (Belgium)","français (Belgique)"
"'2C0C'","fr-CM","-n","3;0","' '",160,"','",44,"h:mm:ss","dd/MM/yyyy","ltr","French (Cameroon)","français (Cameroun)"
"'0C0C'","fr-CA","-n","3;0","' '",160,"','",44,"hh:mm:ss","yyyy-MM-dd","ltr","French (Canada)","français (Canada)"
"'1C0C'","fr-029","-n","3;0","' '",160,"','",44,"hh:mm:ss","dd/MM/yyyy","ltr","French (Caribbean)","français (caraïbes)"
"'300C'","fr-CI","-n","3;0","' '",160,"','",44,"h:mm:ss","dd/MM/yyyy","ltr","French (Côte d’Ivoire)","français (Côte d’Ivoire)"
"'040C'","fr-FR","-n","3;0","' '",160,"','",44,"hh:mm:ss","dd/MM/yyyy","ltr","French (France)","français (France)"
"'3C0C'","fr-HT","-n","3;0","' '",160,"','",44,"h:mm:ss","dd/MM/yyyy","ltr","French (Haiti)","français (Haïti)"
"'140C'","fr-LU","-n","3;0","'.'",46,"','",44,"h:mm:ss","dd/MM/yyyy","ltr","French (Luxembourg)","français (Luxembourg)"
"'340C'","fr-ML","-n","3;0","' '",160,"','",44,"h:mm:ss","dd/MM/yyyy","ltr","French (Mali)","français (Mali)"
"'180C'","fr-MC","-n","3;0","' '",160,"','",44,"h:mm:ss","dd/MM/yyyy","ltr","French (Monaco)","français (Monaco)"
"'380C'","fr-MA","-n","3;0","'.'",46,"','",44,"h:mm:ss","dd/MM/yyyy","ltr","French (Morocco)","français (Maroc)"
"'200C'","fr-RE","-n","3;0","' '",160,"','",44,"h:mm:ss","dd/MM/yyyy","ltr","French (Réunion)","français (La Réunion)"
"'280C'","fr-SN","-n","3;0","' '",160,"','",44,"h:mm:ss","dd/MM/yyyy","ltr","French (Senegal)","français (Sénégal)"
"'100C'","fr-CH","-n","3;0","' '",160,"','",44,"h:mm:ss","dd.MM.yyyy","ltr","French (Switzerland)","français (Suisse)"
"'240C'","fr-CD","-n","3;0","' '",160,"','",44,"h:mm:ss","dd/MM/yyyy","ltr","French Congo (DRC)","français (Congo, République démocratique du)"
"'0467'","ff-Latn-NG","-n","3;0","' '",160,"','",44,"h:mm:ss","d/M/yyyy","ltr","Fulah (Latin, Nigeria)","Pulaar (Nijeriyaa)"
"'0867'","ff-Latn-SN","-n","3;0","' '",160,"','",44,"hh:mm:ss","dd/MM/yyyy","ltr","Fulah (Latin, Senegal)","Pulaar (Senegaal)"
"'0067'","ff","-n","3;0","' '",160,"','",44,"hh:mm:ss","dd/MM/yyyy","ltr","Fulah (Latin)","Pulaar"
"'7C67'","ff-Latn","-n","3;0","' '",160,"','",44,"hh:mm:ss","dd/MM/yyyy","ltr","Fulah (Latin)","Pulaar"
"'0056'","gl","-n","3;0","'.'",46,"','",44,"h:mm:ss","dd/MM/yyyy","ltr","Galician","galego"
"'0456'","gl-ES","-n","3;0","'.'",46,"','",44,"h:mm:ss","dd/MM/yyyy","ltr","Galician (Galician)","galego (galego)"
"'0037'","ka","-n","3;0","' '",160,"','",44,"h:mm:ss","dd.MM.yyyy","ltr","Georgian","ქართული"
"'0437'","ka-GE","-n","3;0","' '",160,"','",44,"h:mm:ss","dd.MM.yyyy","ltr","Georgian (Georgia)","ქართული (საქართველო)"
"'0007'","de","-n","3;0","'.'",46,"','",44,"hh:mm:ss","dd.MM.yyyy","ltr","German","Deutsch"
"'0C07'","de-AT","-n","3;0","' '",160,"','",44,"h:mm:ss","dd.MM.yyyy","ltr","German (Austria)","Deutsch (Österreich)"
"'0407'","de-DE","-n","3;0","'.'",46,"','",44,"hh:mm:ss","dd.MM.yyyy","ltr","German (Germany)","Deutsch (Deutschland)"
"'1407'","de-LI","-n","3;0","'’'",8217,"'.'",46,"h:mm:ss","dd.MM.yyyy","ltr","German (Liechtenstein)","Deutsch (Liechtenstein)"
"'1007'","de-LU","-n","3;0","'.'",46,"','",44,"h:mm:ss","dd.MM.yyyy","ltr","German (Luxembourg)","Deutsch (Luxemburg)"
"'0807'","de-CH","-n","3;0","'’'",8217,"'.'",46,"h:mm:ss","dd.MM.yyyy","ltr","German (Switzerland)","Deutsch (Schweiz)"
"'0008'","el","-n","3;0","'.'",46,"','",44,"h:mm:ss","d/M/yyyy","ltr","Greek","Ελληνικά"
"'0408'","el-GR","-n","3;0","'.'",46,"','",44,"h:mm:ss","d/M/yyyy","ltr","Greek (Greece)","Ελληνικά (Ελλάδα)"
"'0074'","gn","-n","3;0","'.'",46,"','",44,"hh:mm:ss","dd/MM/yyyy","ltr","Guarani","Avañe’ẽ"
"'0474'","gn-PY","-n","3;0","'.'",46,"','",44,"hh:mm:ss","dd/MM/yyyy","ltr","Guarani (Paraguay)","Avañe’ẽ (Paraguái)"
"'0047'","gu","-n","3;2;0","','",44,"'.'",46,"hh:mm:ss","dd-MM-yy","ltr","Gujarati","ગુજરાતી"
"'0447'","gu-IN","-n","3;2;0","','",44,"'.'",46,"hh:mm:ss","dd-MM-yy","ltr","Gujarati (India)","ગુજરાતી (ભારત)"
"'0068'","ha","-n","3;0","','",44,"'.'",46,"h:mm:ss","d/M/yyyy","ltr","Hausa","Hausa"
"'0468'","ha-Latn-NG","-n","3;0","','",44,"'.'",46,"h:mm:ss","d/M/yyyy","ltr","Hausa (Latin, Nigeria)","Hausa (Najeriya)"
"'7C68'","ha-Latn","-n","3;0","','",44,"'.'",46,"h:mm:ss","d/M/yyyy","ltr","Hausa (Latin)","Hausa (Latin)"
"'0075'","haw","-n","3;0","','",44,"'.'",46,"h:mm:ss","d/M/yyyy","ltr","Hawaiian","ʻŌlelo Hawaiʻi"
"'0475'","haw-US","-n","3;0","','",44,"'.'",46,"h:mm:ss","d/M/yyyy","ltr","Hawaiian (United States)","ʻŌlelo Hawaiʻi (ʻAmelika Hui Pū ʻIa)"
"'000D'","he","-n","3;0","','",44,"'.'",46,"hh:mm:ss","dd/MM/yyyy","rtl","Hebrew","עברית"
"'040D'","he-IL","-n","3;0","','",44,"'.'",46,"hh:mm:ss","dd/MM/yyyy","rtl","Hebrew (Israel)","עברית (ישראל)"
"'0039'","hi","-n","3;2;0","','",44,"'.'",46,"hh:mm:ss","dd-MM-yyyy","ltr","Hindi","हिन्दी"
"'0439'","hi-IN","-n","3;2;0","','",44,"'.'",46,"hh:mm:ss","dd-MM-yyyy","ltr","Hindi (India)","हिन्दी (भारत)"
"'000E'","hu","-n","3;0","' '",160,"','",44,"h:mm:ss","yyyy. MM. dd.","ltr","Hungarian","magyar"
"'040E'","hu-HU","-n","3;0","' '",160,"','",44,"h:mm:ss","yyyy. MM. dd.","ltr","Hungarian (Hungary)","magyar (Magyarország)"
"'0069'","ibb","-n","3;0","','",44,"'.'",46,"h:mm:ss","d/M/yyyy","ltr","Ibibio","Ibibio-Efik"
"'0469'","ibb-NG","-n","3;0","','",44,"'.'",46,"h:mm:ss","d/M/yyyy","ltr","Ibibio (Nigeria)","Ibibio-Efik (Nigeria)"
"'000F'","is","-n","3;0","'.'",46,"','",44,"h:mm:ss","d.M.yyyy","ltr","Icelandic","íslenska"
"'040F'","is-IS","-n","3;0","'.'",46,"','",44,"h:mm:ss","d.M.yyyy","ltr","Icelandic (Iceland)","íslenska (Ísland)"
"'0070'","ig","-n","3;0","','",44,"'.'",46,"h:mm:ss","d/M/yyyy","ltr","Igbo","Asụsụ Igbo"
"'0470'","ig-NG","-n","3;0","','",44,"'.'",46,"h:mm:ss","d/M/yyyy","ltr","Igbo (Nigeria)","Asụsụ Igbo (Naịjịrịa)"
"'0021'","id","-n","3;0","'.'",46,"','",44,"h.mm.ss","dd/MM/yyyy","ltr","Indonesian","Indonesia"
"'0421'","id-ID","-n","3;0","'.'",46,"','",44,"h.mm.ss","dd/MM/yyyy","ltr","Indonesian (Indonesia)","Indonesia (Indonesia)"
"'005D'","iu","-n","3;0","','",44,"'.'",46,"h:mm:ss","d/MM/yyyy","ltr","Inuktitut","Inuktitut"
"'085D'","iu-Latn-CA","-n","3;0","','",44,"'.'",46,"h:mm:ss","d/MM/yyyy","ltr","Inuktitut (Latin, Canada)","Inuktitut (Kanatami)"
"'7C5D'","iu-Latn","-n","3;0","','",44,"'.'",46,"h:mm:ss","d/MM/yyyy","ltr","Inuktitut (Latin)","Inuktitut (Qaliujaaqpait)"
"'045D'","iu-Cans-CA","-n","3;0","','",44,"'.'",46,"h:mm:ss:ff","d/M/yyyy","ltr","Inuktitut (Syllabics, Canada)","ᐃᓄᒃᑎᑐᑦ (ᑲᓇᑕᒥ)"
"'785D'","iu-Cans","-n","3;0","','",44,"'.'",46,"h:mm:ss:ff","d/M/yyyy","ltr","Inuktitut (Syllabics)","ᐃᓄᒃᑎᑐᑦ (ᖃᓂᐅᔮᖅᐸᐃᑦ)"
"'003C'","ga","-n","3;0","','",44,"'.'",46,"h:mm:ss","dd/MM/yyyy","ltr","Irish","Gaeilge"
"'083C'","ga-IE","-n","3;0","','",44,"'.'",46,"h:mm:ss","dd/MM/yyyy","ltr","Irish (Ireland)","Gaeilge (Éire)"
"'0034'","xh","-n","3;0","' '",160,"'.'",46,"h:mm:ss","yyyy-MM-dd","ltr","isiXhosa","isiXhosa"
"'0434'","xh-ZA","-n","3;0","' '",160,"'.'",46,"h:mm:ss","yyyy-MM-dd","ltr","isiXhosa (South Africa)","isiXhosa (eMzantsi Afrika)"
"'0035'","zu","-n","3;0","','",44,"'.'",46,"h:mm:ss","M/d/yyyy","ltr","isiZulu","isiZulu"
"'0435'","zu-ZA","-n","3;0","','",44,"'.'",46,"h:mm:ss","M/d/yyyy","ltr","isiZulu (South Africa)","isiZulu (iNingizimu Afrika)"
"'0010'","it","-n","3;0","'.'",46,"','",44,"hh:mm:ss","dd/MM/yyyy","ltr","Italian","italiano"
"'0410'","it-IT","-n","3;0","'.'",46,"','",44,"hh:mm:ss","dd/MM/yyyy","ltr","Italian (Italy)","italiano (Italia)"
"'0810'","it-CH","-n","3;0","'’'",8217,"'.'",46,"h:mm:ss","dd.MM.yyyy","ltr","Italian (Switzerland)","italiano (Svizzera)"
"'0011'","ja","-n","3;0","','",44,"'.'",46,"h:mm:ss","yyyy/MM/dd","ja-JP","Japanese","日本語"
"'0411'","ja-JP","-n","3;0","','",44,"'.'",46,"h:mm:ss","yyyy/MM/dd","ja-JP","Japanese (Japan)","日本語 (日本)"
"'0086'","quc","-n","3;0","','",44,"'.'",46,"hh:mm:ss","dd/MM/yyyy","ltr","K'iche'","K'iche'"
"'7C86'","quc-Latn","-n","3;0","','",44,"'.'",46,"hh:mm:ss","dd/MM/yyyy","ltr","K'iche'","K'iche'"
"'0486'","quc-Latn-GT","-n","3;0","','",44,"'.'",46,"hh:mm:ss","dd/MM/yyyy","ltr","K'iche' (Guatemala)","K'iche' (Guatemala)"
"'006F'","kl","-n","3;0","'.'",46,"','",44,"hh:mm:ss:fff","dd-MM-yyyy","ltr","Kalaallisut","kalaallisut"
"'046F'","kl-GL","-n","3;0","'.'",46,"','",44,"hh:mm:ss:fff","dd-MM-yyyy","ltr","Kalaallisut (Greenland)","kalaallisut (Kalaallit Nunaat)"
"'004B'","kn","-n","3;0","','",44,"'.'",46,"hh:mm:ss","dd-MM-yy","ltr","Kannada","ಕನ್ನಡ"
"'044B'","kn-IN","-n","3;0","','",44,"'.'",46,"hh:mm:ss","dd-MM-yy","ltr","Kannada (India)","ಕನ್ನಡ (ಭಾರತ)"
"'0071'","kr","-n","3;0","','",44,"'.'",46,"h:mm:ss","d/M/yyyy","ltr","Kanuri","Kanuri"
"'0471'","kr-Latn-NG","-n","3;0","','",44,"'.'",46,"h:mm:ss","d/M/yyyy","ltr","Kanuri (Nigeria)","Kanuri (Nigeria)"
"'0060'","ks","-n","3;2;0","','",44,"'.'",46,"h:mm:ss","M/d/yyyy","rtl*","Kashmiri","کٲشُر"
"'0860'","ks-Deva-IN","-n","3;2;0","','",44,"'.'",46,"hh:mm:ss","dd-MM-yyyy","ltr","Kashmiri (Devanagari)","कॉशुर"
"'0460'","ks-Arab","-n","3;2;0","','",44,"'.'",46,"h:mm:ss","M/d/yyyy","rtl*","Kashmiri (Perso-Arabic)","کٲشُر (اَربی)"
"'1000'","ks-Arab-IN","-n","3;2;0","','",44,"'.'",46,"h:mm:ss","M/d/yyyy","rtl*","Kashmiri (Perso-Arabic)","کٲشُر (اَربی)"
"'003F'","kk","-n","3;0","' '",160,"','",44,"h:mm:ss","dd.MM.yyyy","ltr","Kazakh","қазақ тілі"
"'043F'","kk-KZ","-n","3;0","' '",160,"','",44,"h:mm:ss","dd.MM.yyyy","ltr","Kazakh (Kazakhstan)","қазақ тілі (Қазақстан)"
"'0053'","km","- n","3;0","','",44,"'.'",46,"h:mm:ss","dd/MM/yy","ltr","Khmer","ខ្មែរ"
"'0453'","km-KH","- n","3;0","','",44,"'.'",46,"h:mm:ss","dd/MM/yy","ltr","Khmer (Cambodia)","ខ្មែរ (កម្ពុជា)"
"'0087'","rw","-n","3;0","'.'",46,"','",44,"h:mm:ss","yyyy-MM-dd","ltr","Kinyarwanda","Kinyarwanda"
"'0487'","rw-RW","-n","3;0","'.'",46,"','",44,"h:mm:ss","yyyy-MM-dd","ltr","Kinyarwanda (Rwanda)","Kinyarwanda (U Rwanda)"
"'0041'","sw","-n","3;0","','",44,"'.'",46,"h:mm:ss","dd/MM/yyyy","ltr","Kiswahili","Kiswahili"
"'0441'","sw-KE","-n","3;0","','",44,"'.'",46,"h:mm:ss","dd/MM/yyyy","ltr","Kiswahili (Kenya)","Kiswahili (Kenya)"
"'0057'","kok","-n","3;2;0","','",44,"'.'",46,"hh:mm:ss","dd-MM-yyyy","ltr","Konkani","कोंकणी"
"'0457'","kok-IN","-n","3;2;0","','",44,"'.'",46,"hh:mm:ss","dd-MM-yyyy","ltr","Konkani (India)","कोंकणी (भारत)"
"'0012'","ko","-n","3;0","','",44,"'.'",46,"h:mm:ss","yyyy-MM-dd","ja-JP","Korean","한국어"
"'0412'","ko-KR","-n","3;0","','",44,"'.'",46,"h:mm:ss","yyyy-MM-dd","ja-JP","Korean (Korea)","한국어(대한민국)"
"'0040'","ky","-n","3;0","' '",160,"','",44,"h:mm:ss","d/M/yyyy","ltr","Kyrgyz","кыргызча"
"'0440'","ky-KG","-n","3;0","' '",160,"','",44,"h:mm:ss","d/M/yyyy","ltr","Kyrgyz (Kyrgyzstan)","кыргызча (Кыргызстан)"
"'0054'","lo","-n","3;0","'.'",46,"','",44,"h:mm:ss","d/M/yyyy","ltr","Lao","ລາວ"
"'0454'","lo-LA","-n","3;0","'.'",46,"','",44,"h:mm:ss","d/M/yyyy","ltr","Lao (Laos)","ລາວ (ລາວ)"
"'0076'","la","-n","3;0","','",44,"'.'",46,"h:mm:ss","dd/MM/yyyy","ltr","Latin","lingua latīna"
"'0476'","la-001","-n","3;0","','",44,"'.'",46,"h:mm:ss","dd/MM/yyyy","ltr","Latin (World)","lingua latīna (World)"
"'0026'","lv","-n","3;0","' '",160,"','",44,"h:mm:ss","dd.MM.yyyy","ltr","Latvian","latviešu"
"'0426'","lv-LV","-n","3;0","' '",160,"','",44,"h:mm:ss","dd.MM.yyyy","ltr","Latvian (Latvia)","latviešu (Latvija)"
"'0027'","lt","-n","3;0","' '",160,"','",44,"h:mm:ss","yyyy-MM-dd","ltr","Lithuanian","lietuvių"
"'0427'","lt-LT","-n","3;0","' '",160,"','",44,"h:mm:ss","yyyy-MM-dd","ltr","Lithuanian (Lithuania)","lietuvių (Lietuva)"
"'7C2E'","dsb","-n","3;0","'.'",46,"','",44,"h:mm:ss","d. M. yyyy","ltr","Lower Sorbian","dolnoserbšćina"
"'082E'","dsb-DE","-n","3;0","'.'",46,"','",44,"h:mm:ss","d. M. yyyy","ltr","Lower Sorbian (Germany)","dolnoserbšćina (Nimska)"
"'006E'","lb","-n","3;0","' '",160,"','",44,"hh:mm:ss","dd.MM.yy","ltr","Luxembourgish","Lëtzebuergesch"
"'046E'","lb-LU","-n","3;0","' '",160,"','",44,"hh:mm:ss","dd.MM.yy","ltr","Luxembourgish (Luxembourg)","Lëtzebuergesch (Lëtzebuerg)"
"'002F'","mk","-n","3;0","'.'",46,"','",44,"h:mm:ss","dd.M.yyyy","ltr","Macedonian","македонски"
"'042F'","mk-MK","-n","3;0","'.'",46,"','",44,"h:mm:ss","dd.M.yyyy","ltr","Macedonian (North Macedonia)","македонски (Северна Македонија)"
"'003E'","ms","-n","3;0","','",44,"'.'",46,"h:mm:ss","d/MM/yyyy","ltr","Malay","Melayu"
"'083E'","ms-BN","-n","3;0","'.'",46,"','",44,"h:mm:ss","d/MM/yyyy","ltr","Malay (Brunei)","Melayu (Brunei)"
"'043E'","ms-MY","-n","3;0","','",44,"'.'",46,"h:mm:ss","d/MM/yyyy","ltr","Malay (Malaysia)","Melayu (Malaysia)"
"'004C'","ml","-n","3;2;0","','",44,"'.'",46,"h:mm:ss","d/M/yyyy","ltr","Malayalam","മലയാളം"
"'044C'","ml-IN","-n","3;2;0","','",44,"'.'",46,"h:mm:ss","d/M/yyyy","ltr","Malayalam (India)","മലയാളം (ഇന്ത്യ)"
"'003A'","mt","-n","3;0","','",44,"'.'",46,"h:mm:ss","dd/MM/yyyy","ltr","Maltese","Malti"
"'043A'","mt-MT","-n","3;0","','",44,"'.'",46,"h:mm:ss","dd/MM/yyyy","ltr","Maltese (Malta)","Malti (Malta)"
"'0058'","mni","-n","3;0","','",44,"'.'",46,"hh:mm:ss","dd/MM/yyyy","ltr","Manipuri","মৈতৈলোন্"
"'0458'","mni-IN","-n","3;0","','",44,"'.'",46,"hh:mm:ss","dd/MM/yyyy","ltr","Manipuri (India)","মৈতৈলোন্ (India)"
"'0081'","mi","-n","3;0","','",44,"'.'",46,"h:mm:ss","dd/MM/yyyy","ltr","Maori","te reo Māori"
"'0481'","mi-NZ","-n","3;0","','",44,"'.'",46,"h:mm:ss","dd/MM/yyyy","ltr","Maori (New Zealand)","te reo Māori (Aotearoa)"
"'007A'","arn","-n","3;0","'.'",46,"','",44,"h:mm:ss","dd-MM-yyyy","ltr","Mapuche","Mapudungun"
"'047A'","arn-CL","-n","3;0","'.'",46,"','",44,"h:mm:ss","dd-MM-yyyy","ltr","Mapuche (Chile)","Mapudungun (Chile)"
"'004E'","mr","-n","3;2;0","','",44,"'.'",46,"hh:mm:ss","dd-MM-yyyy","ltr","Marathi","मराठी"
"'044E'","mr-IN","-n","3;2;0","','",44,"'.'",46,"hh:mm:ss","dd-MM-yyyy","ltr","Marathi (India)","मराठी (भारत)"
"'007C'","moh","-n","3;0","','",44,"'.'",46,"h:mm:ss","M/d/yyyy","ltr","Mohawk","Kanien’kéha"
"'047C'","moh-CA","-n","3;0","','",44,"'.'",46,"h:mm:ss","M/d/yyyy","ltr","Mohawk (Mohawk)","Kanien'kéha"
"'0050'","mn","-n","3;0","','",44,"'.'",46,"h:mm:ss","yyyy.MM.dd","ltr","Mongolian","Монгол хэл"
"'7850'","mn-Cyrl","-n","3;0","','",44,"'.'",46,"h:mm:ss","yyyy.MM.dd","ltr","Mongolian","Монгол хэл (Кирилл үсэг)"
"'0450'","mn-MN","-n","3;0","','",44,"'.'",46,"h:mm:ss","yyyy.MM.dd","ltr","Mongolian (Mongolia)","монгол (Монгол)"
"'0850'","mn-Mong-CN","-n","3","','",44,"'.'",46,"h:mm:ss","yyyy/M/d","vert","Mongolian (Traditional Mongolian, China)","ᠮᠣᠩᠭᠣᠤᠯ ᠬᠡᠯᠡ (ᠪᠦᠭᠦᠳᠡ ᠨᠠᠢᠷᠠᠮᠳᠠᠬᠤ ᠳᠤᠮᠳᠠᠳᠤ ᠠᠷᠠᠳ ᠣᠯᠣᠰ)"
"'0C50'","mn-Mong-MN","-n","3","','",44,"'.'",46,"h:mm:ss","yyyy/M/d","vert","Mongolian (Traditional Mongolian, Mongolia)","ᠮᠣᠩᠭᠣᠯ ᠬᠡᠯᠡ (ᠮᠣᠩᠭᠣᠯ ᠣᠯᠣᠰ)"
"'7C50'","mn-Mong","-n","3","','",44,"'.'",46,"h:mm:ss","yyyy/M/d","vert","Mongolian (Traditional Mongolian)","ᠮᠣᠩᠭᠣᠤᠯ ᠬᠡᠯᠡ (ᠮᠣᠩᠭᠣᠤᠯ ᠬᠡᠯᠡ)"
"'0061'","ne","-n","3;0","','",44,"'.'",46,"h:mm:ss","M/d/yyyy","ltr","Nepali","नेपाली"
"'0861'","ne-IN","-n","3;0","','",44,"'.'",46,"h:mm:ss","yyyy/M/d","ltr","Nepali (India)","नेपाली (भारत)"
"'0461'","ne-NP","-n","3;0","','",44,"'.'",46,"h:mm:ss","M/d/yyyy","ltr","Nepali (Nepal)","नेपाली (नेपाल)"
"'003B'","se","-n","3;0","' '",160,"','",44,"h:mm:ss","yyyy-MM-dd","ltr","Northern Sami","davvisámegiella"
"'0014'","no","-n","3;0","' '",160,"','",44,"h:mm:ss","dd.MM.yyyy","ltr","Norwegian","norsk"
"'7C14'","nb","-n","3;0","' '",160,"','",44,"h:mm:ss","dd.MM.yyyy","ltr","Norwegian Bokmål","norsk bokmål"
"'0414'","nb-NO","-n","3;0","' '",160,"','",44,"h:mm:ss","dd.MM.yyyy","ltr","Norwegian Bokmål (Norway)","norsk bokmål (Norge)"
"'7814'","nn","-n","3;0","' '",160,"','",44,"h:mm:ss","dd.MM.yyyy","ltr","Norwegian Nynorsk","nynorsk"
"'0814'","nn-NO","-n","3;0","' '",160,"','",44,"h:mm:ss","dd.MM.yyyy","ltr","Norwegian Nynorsk (Norway)","nynorsk (Noreg)"
"'0082'","oc","-n","3;0","' '",160,"','",44,"hh:mm:ss","dd/MM/yyyy","ltr","Occitan","Occitan"
"'0482'","oc-FR","-n","3;0","' '",160,"','",44,"hh:mm:ss","dd/MM/yyyy","ltr","Occitan (France)","Occitan (França)"
"'0048'","or","-n","3;2;0","','",44,"'.'",46,"hh:mm:ss","dd-MM-yy","ltr","Odia","ଓଡ଼ିଆ"
"'0448'","or-IN","-n","3;2;0","','",44,"'.'",46,"hh:mm:ss","dd-MM-yy","ltr","Odia (India)","ଓଡ଼ିଆ (ଭାରତ)"
"'0072'","om","-n","3;0","','",44,"'.'",46,"h:mm:ss","dd/MM/yyyy","ltr","Oromo","Oromoo"
"'0472'","om-ET","-n","3;0","','",44,"'.'",46,"h:mm:ss","dd/MM/yyyy","ltr","Oromo (Ethiopia)","Oromoo (Itoophiyaa)"
"'0079'","pap","-n","3;0","','",44,"'.'",46,"h:mm:ss","d-M-yyyy","ltr","Papiamento","Papiamentu"
"'0479'","pap-029","-n","3;0","','",44,"'.'",46,"h:mm:ss","d-M-yyyy","ltr","Papiamento (Caribbean)","Papiamentu (Caribbean)"
"'0063'","ps","-n","3;0","'.'",46,"','",44,"h:mm:ss","yyyy/M/d","rtl","Pashto","پښتو"
"'0463'","ps-AF","-n","3;0","'.'",46,"','",44,"h:mm:ss","yyyy/M/d","rtl","Pashto (Afghanistan)","پښتو (افغانستان)"
"'0029'","fa","n-","3;0","','",44,"'/'",47,"hh:mm:ss","dd/MM/yyyy","rtl","Persian","فارسی"
"'0429'","fa-IR","n-","3;0","','",44,"'/'",47,"hh:mm:ss","dd/MM/yyyy","rtl","Persian (Iran)","فارسی (ایران)"
"'0015'","pl","-n","3;0","' '",160,"','",44,"h:mm:ss","dd.MM.yyyy","ltr","Polish","polski"
"'0415'","pl-PL","-n","3;0","' '",160,"','",44,"h:mm:ss","dd.MM.yyyy","ltr","Polish (Poland)","polski (Polska)"
"'0016'","pt","-n","3;0","'.'",46,"','",44,"hh:mm:ss","dd/MM/yyyy","ltr","Portuguese","português"
"'0416'","pt-BR","-n","3;0","'.'",46,"','",44,"hh:mm:ss","dd/MM/yyyy","ltr","Portuguese (Brazil)","português (Brasil)"
"'0816'","pt-PT","-n","3;0","' '",160,"','",44,"hh:mm:ss","dd/MM/yyyy","ltr","Portuguese (Portugal)","português (Portugal)"
"'05FE'","qps-ploca","-n","3;0","','",44,"'.'",46,"h:mm:ss","yyyy/MM/dd","ltr","Pseudo (Pseudo Asia)","[Ρšēŭďõ ₤áηğűãĝè (Þ§эūðò Αśĩä) !!! !!! ]"
"'09FF'","qps-plocm","n-","3;0","','",44,"'.'",46,"hh:mm:ss","dd/MM/yyyy","ltr*","Pseudo (Pseudo Mirrored)","[Þ§ėΰðό £äπĝúаğę (Рŝéûďб Μίяřóŗ℮ď) !!! !!! !]"
"'0901'","qps-Latn-x-sh","-n","3;0","','",44,"'.'",46,"hh:mm:ss","dd/MM/yyyy","ltr","Pseudo (Pseudo Selfhost)","Pśęüďό Sęłfhóšť"
"'0501'","qps-ploc","-n","4;0","',,'",44,"'.'",46,"h::mm::ss","d/MM/yy","ltr","Pseudo (Pseudo)","[Þšéųδô (Ρŝέũδθ) !!! !!]"
"'0046'","pa","-n","3;2;0","','",44,"'.'",46,"hh:mm:ss","dd-MM-yy","ltr","Punjabi","ਪੰਜਾਬੀ"
"'7C46'","pa-Arab","- n","3;0","','",44,"'.'",46,"h:mm:ss","dd-MM-yy","rtl","Punjabi","پنجابی"
"'0446'","pa-IN","-n","3;2;0","','",44,"'.'",46,"hh:mm:ss","dd-MM-yy","ltr","Punjabi (India)","ਪੰਜਾਬੀ (ਭਾਰਤ)"
"'0846'","pa-Arab-PK","- n","3;0","','",44,"'.'",46,"h:mm:ss","dd-MM-yy","rtl","Punjabi (Pakistan)","پنجابی (پاکستان)"
"'006B'","quz","-n","3;0","'.'",46,"','",44,"hh:mm:ss","dd/MM/yyyy","ltr","Quechua","Runasimi"
"'046B'","quz-BO","-n","3;0","'.'",46,"','",44,"hh:mm:ss","dd/MM/yyyy","ltr","Quechua (Bolivia)","Runasimi (Bolivia)"
"'086B'","quz-EC","-n","3;0","'.'",46,"','",44,"h:mm:ss","dd/MM/yyyy","ltr","Quechua (Ecuador)","Runasimi (Ecuador)"
"'0C6B'","quz-PE","-n","3;0","','",44,"'.'",46,"hh:mm:ss","dd/MM/yyyy","ltr","Quechua (Peru)","Runasimi (Perú)"
"'0018'","ro","-n","3;0","'.'",46,"','",44,"h:mm:ss","dd.MM.yyyy","ltr","Romanian","română"
"'0818'","ro-MD","-n","3;0","'.'",46,"','",44,"h:mm:ss","dd.MM.yyyy","ltr","Romanian (Moldova)","română (Republica Moldova)"
"'0418'","ro-RO","-n","3;0","'.'",46,"','",44,"h:mm:ss","dd.MM.yyyy","ltr","Romanian (Romania)","română (România)"
"'0017'","rm","-n","3;0","'’'",8217,"'.'",46,"h:mm:ss","dd-MM-yyyy","ltr","Romansh","rumantsch"
"'0417'","rm-CH","-n","3;0","'’'",8217,"'.'",46,"h:mm:ss","dd-MM-yyyy","ltr","Romansh (Switzerland)","rumantsch (Svizra)"
"'0019'","ru","-n","3;0","' '",160,"','",44,"h:mm:ss","dd.MM.yyyy","ltr","Russian","русский"
"'0819'","ru-MD","-n","3;0","' '",160,"','",44,"h:mm:ss","dd.MM.yyyy","ltr","Russian (Moldova)","русский (Молдова)"
"'0419'","ru-RU","-n","3;0","' '",160,"','",44,"h:mm:ss","dd.MM.yyyy","ltr","Russian (Russia)","русский (Россия)"
"'0085'","sah","-n","3;0","' '",160,"','",44,"h:mm:ss","dd.MM.yyyy","ltr","Sakha","Саха"
"'0485'","sah-RU","-n","3;0","' '",160,"','",44,"h:mm:ss","dd.MM.yyyy","ltr","Sakha (Russia)","Саха (Россия)"
"'703B'","smn","-n","3;0","' '",160,"','",44,"h:mm:ss","d.M.yyyy","ltr","Sami (Inari)","anarâškielâ"
"'7C3B'","smj","-n","3;0","' '",160,"','",44,"hh:mm:ss","yyyy-MM-dd","ltr","Sami (Lule)","julevusámegiella"
"'743B'","sms","-n","3;0","' '",160,"','",44,"h:mm:ss","d.M.yyyy","ltr","Sami (Skolt)","sää´mǩiõll"
"'783B'","sma","-n","3;0","' '",160,"','",44,"hh:mm:ss","yyyy-MM-dd","ltr","Sami (Southern)","åarjelsaemiengïele"
"'243B'","smn-FI","-n","3;0","' '",160,"','",44,"h:mm:ss","d.M.yyyy","ltr","Sami, Inari (Finland)","anarâškielâ (Suomâ)"
"'103B'","smj-NO","-n","3;0","' '",160,"','",44,"hh:mm:ss","dd.MM.yyyy","ltr","Sami, Lule (Norway)","julevusámegiella (Vuodna)"
"'143B'","smj-SE","-n","3;0","' '",160,"','",44,"hh:mm:ss","yyyy-MM-dd","ltr","Sami, Lule (Sweden)","julevusámegiella (Svierik)"
"'0C3B'","se-FI","-n","3;0","' '",160,"','",44,"h:mm:ss","d.M.yyyy","ltr","Sami, Northern (Finland)","davvisámegiella (Suopma)"
"'043B'","se-NO","-n","3;0","' '",160,"','",44,"h:mm:ss","yyyy-MM-dd","ltr","Sami, Northern (Norway)","davvisámegiella (Norga)"
"'083B'","se-SE","-n","3;0","' '",160,"','",44,"hh:mm:ss","yyyy-MM-dd","ltr","Sami, Northern (Sweden)","davvisámegiella (Ruoŧŧa)"
"'203B'","sms-FI","-n","3;0","' '",160,"','",44,"h:mm:ss","d.M.yyyy","ltr","Sami, Skolt (Finland)","sää´mǩiõll (Lää´ddjânnam)"
"'183B'","sma-NO","-n","3;0","' '",160,"','",44,"hh:mm:ss","dd.MM.yyyy","ltr","Sami, Southern (Norway)","åarjelsaemiengïele (Nöörje)"
"'1C3B'","sma-SE","-n","3;0","' '",160,"','",44,"hh:mm:ss","yyyy-MM-dd","ltr","Sami, Southern (Sweden)","åarjelsaemiengïele (Sveerje)"
"'004F'","sa","-n","3;2;0","','",44,"'.'",46,"hh:mm:ss","dd-MM-yyyy","ltr","Sanskrit","संस्कृत"
"'044F'","sa-IN","-n","3;2;0","','",44,"'.'",46,"hh:mm:ss","dd-MM-yyyy","ltr","Sanskrit (India)","संस्कृत (भारतम्)"
"'0091'","gd","-n","3;0","','",44,"'.'",46,"h:mm:ss","dd/MM/yyyy","ltr","Scottish Gaelic","Gàidhlig"
"'0491'","gd-GB","-n","3;0","','",44,"'.'",46,"h:mm:ss","dd/MM/yyyy","ltr","Scottish Gaelic (United Kingdom)","Gàidhlig (An Rìoghachd Aonaichte)"
"'7C1A'","sr","-n","3;0","'.'",46,"','",44,"h:mm:ss","d.M.yyyy.","ltr","Serbian","srpski"
"'1C1A'","sr-Cyrl-BA","-n","3;0","'.'",46,"','",44,"h:mm:ss","d.M.yyyy.","ltr","Serbian (Cyrillic, Bosnia and Herzegovina)","српски (Босна и Херцеговина)"
"'301A'","sr-Cyrl-ME","-n","3;0","'.'",46,"','",44,"h:mm:ss","d.M.yyyy.","ltr","Serbian (Cyrillic, Montenegro)","српски (Црна Гора)"
"'0C1A'","sr-Cyrl-CS","-n","3;0","'.'",46,"','",44,"h:mm:ss","d.M.yyyy.","ltr","Serbian (Cyrillic, Serbia and Montenegro (Forme$","српски (Србија и Црна Гора (Бивша))"
"'281A'","sr-Cyrl-RS","-n","3;0","'.'",46,"','",44,"h:mm:ss","dd.MM.yyyy.","ltr","Serbian (Cyrillic, Serbia)","српски (Србија)"
"'6C1A'","sr-Cyrl","-n","3;0","'.'",46,"','",44,"h:mm:ss","dd.MM.yyyy.","ltr","Serbian (Cyrillic)","српски (Ћирилица)"
"'181A'","sr-Latn-BA","-n","3;0","'.'",46,"','",44,"h:mm:ss","d.M.yyyy.","ltr","Serbian (Latin, Bosnia & Herzegovina)","srpski (Bosna i Hercegovina)"
"'2C1A'","sr-Latn-ME","-n","3;0","'.'",46,"','",44,"h:mm:ss","d.M.yyyy.","ltr","Serbian (Latin, Montenegro)","srpski (Crna Gora)"
"'081A'","sr-Latn-CS","-n","3;0","'.'",46,"','",44,"h:mm:ss","d.M.yyyy.","ltr","Serbian (Latin, Serbia and Montenegro (Former))","srpski (Srbija i Crna Gora (Bivša))"
"'241A'","sr-Latn-RS","-n","3;0","'.'",46,"','",44,"h:mm:ss","d.M.yyyy.","ltr","Serbian (Latin, Serbia)","srpski (Srbija)"
"'701A'","sr-Latn","-n","3;0","'.'",46,"','",44,"h:mm:ss","d.M.yyyy.","ltr","Serbian (Latin)","srpski (latinica)"
"'0030'","st","-n","3;0","' '",160,"','",44,"h:mm:ss","yyyy-MM-dd","ltr","Sesotho","Sesotho"
"'0430'","st-ZA","-n","3;0","' '",160,"','",44,"h:mm:ss","yyyy-MM-dd","ltr","Sesotho (South Africa)","Sesotho (South Africa)"
"'006C'","nso","-n","3;0","' '",160,"'.'",46,"h:mm:ss","yyyy-MM-dd","ltr","Sesotho sa Leboa","Sesotho sa Leboa"
"'046C'","nso-ZA","-n","3;0","' '",160,"'.'",46,"h:mm:ss","yyyy-MM-dd","ltr","Sesotho sa Leboa (South Africa)","Sesotho sa Leboa (Afrika Borwa)"
"'0032'","tn","-n","3;0","' '",160,"'.'",46,"h:mm:ss","yyyy-MM-dd","ltr","Setswana","Setswana"
"'0832'","tn-BW","-n","3;0","' '",160,"'.'",46,"h:mm:ss","yyyy-MM-dd","ltr","Setswana (Botswana)","Setswana (Botswana)"
"'0432'","tn-ZA","-n","3;0","' '",160,"'.'",46,"h:mm:ss","yyyy-MM-dd","ltr","Setswana (South Africa)","Setswana (Aforika Borwa)"
"'0059'","sd","n-","3;0","','",44,"'.'",46,"h:mm:ss","dd/MM/yyyy","rtl","Sindhi","سنڌي"
"'7C59'","sd-Arab","n-","3;0","','",44,"'.'",46,"h:mm:ss","dd/MM/yyyy","rtl","Sindhi","سنڌي"
"'0459'","sd-Deva-IN","-n","3;0","','",44,"'.'",46,"hh:mm:ss","dd/MM/yyyy","ltr","Sindhi (Devanagari, India)","सिन्धी (India)"
"'0859'","sd-Arab-PK","n-","3;0","','",44,"'.'",46,"h:mm:ss","dd/MM/yyyy","rtl","Sindhi (Pakistan)","سنڌي (پاکستان)"
"'005B'","si","-n","3;0","','",44,"'.'",46,"h.mm.ss","yyyy-MM-dd","ltr","Sinhala","සිංහල"
"'045B'","si-LK","-n","3;0","','",44,"'.'",46,"h.mm.ss","yyyy-MM-dd","ltr","Sinhala (Sri Lanka)","සිංහල (ශ්‍රී ලංකාව)"
"'001B'","sk","-n","3;0","' '",160,"','",44,"h:mm:ss","d. M. yyyy","ltr","Slovak","slovenčina"
"'041B'","sk-SK","-n","3;0","' '",160,"','",44,"h:mm:ss","d. M. yyyy","ltr","Slovak (Slovakia)","slovenčina (Slovensko)"
"'0024'","sl","-n","3;0","'.'",46,"','",44,"h:mm:ss","d. MM. yyyy","ltr","Slovenian","slovenščina"
"'0424'","sl-SI","-n","3;0","'.'",46,"','",44,"h:mm:ss","d. MM. yyyy","ltr","Slovenian (Slovenia)","slovenščina (Slovenija)"
"'0077'","so","-n","3;0","','",44,"'.'",46,"h:mm:ss","dd/MM/yyyy","ltr","Somali","Soomaali"
"'0477'","so-SO","-n","3;0","','",44,"'.'",46,"h:mm:ss","dd/MM/yyyy","ltr","Somali (Somalia)","Soomaali (Soomaaliya)"
"'000A'","es","-n","3;0","'.'",46,"','",44,"h:mm:ss","dd/MM/yyyy","ltr","Spanish","español"
"'2C0A'","es-AR","-n","3;0","'.'",46,"','",44,"h:mm:ss","d/M/yyyy","ltr","Spanish (Argentina)","español (Argentina)"
"'400A'","es-BO","-n","3;0","'.'",46,"','",44,"h:mm:ss","d/M/yyyy","ltr","Spanish (Bolivia)","español (Bolivia)"
"'340A'","es-CL","-n","3;0","'.'",46,"','",44,"h:mm:ss","dd-MM-yyyy","ltr","Spanish (Chile)","español (Chile)"
"'240A'","es-CO","-n","3;0","'.'",46,"','",44,"h:mm:ss","d/MM/yyyy","ltr","Spanish (Colombia)","español (Colombia)"
"'140A'","es-CR","-n","3;0","' '",160,"','",44,"h:mm:ss","d/M/yyyy","ltr","Spanish (Costa Rica)","español (Costa Rica)"
"'5C0A'","es-CU","-n","3;0","','",44,"'.'",46,"h:mm:ss","d/M/yyyy","ltr","Spanish (Cuba)","español (Cuba)"
"'1C0A'","es-DO","-n","3;0","','",44,"'.'",46,"h:mm:ss","d/M/yyyy","ltr","Spanish (Dominican Republic)","español (República Dominicana)"
"'300A'","es-EC","-n","3;0","'.'",46,"','",44,"h:mm:ss","d/M/yyyy","ltr","Spanish (Ecuador)","español (Ecuador)"
"'440A'","es-SV","-n","3;0","','",44,"'.'",46,"h:mm:ss","d/M/yyyy","ltr","Spanish (El Salvador)","español (El Salvador)"
"'100A'","es-GT","-n","3;0","','",44,"'.'",46,"h:mm:ss","d/MM/yyyy","ltr","Spanish (Guatemala)","español (Guatemala)"
"'480A'","es-HN","-n","3;0","','",44,"'.'",46,"h:mm:ss","d/M/yyyy","ltr","Spanish (Honduras)","español (Honduras)"
"'580A'","es-419","-n","3;0","','",44,"'.'",46,"h:mm:ss","d/M/yyyy","ltr","Spanish (Latin America)","español (Latinoamérica)"
"'080A'","es-MX","-n","3;0","','",44,"'.'",46,"hh:mm:ss","dd/MM/yyyy","ltr","Spanish (Mexico)","español (México)"
"'4C0A'","es-NI","-n","3;0","','",44,"'.'",46,"h:mm:ss","d/M/yyyy","ltr","Spanish (Nicaragua)","español (Nicaragua)"
"'180A'","es-PA","-n","3;0","','",44,"'.'",46,"h:mm:ss","MM/dd/yyyy","ltr","Spanish (Panama)","español (Panamá)"
"'3C0A'","es-PY","-n","3;0","'.'",46,"','",44,"h:mm:ss","d/M/yyyy","ltr","Spanish (Paraguay)","español (Paraguay)"
"'280A'","es-PE","-n","3;0","','",44,"'.'",46,"h:mm:ss","d/MM/yyyy","ltr","Spanish (Peru)","español (Perú)"
"'500A'","es-PR","-n","3;0","','",44,"'.'",46,"h:mm:ss","MM/dd/yyyy","ltr","Spanish (Puerto Rico)","español (Puerto Rico)"
"'0C0A'","es-ES","-n","3;0","'.'",46,"','",44,"h:mm:ss","dd/MM/yyyy","ltr","Spanish (Spain, International Sort)","español (España, alfabetización internacional)"
"'040A'","es-ES_tradnl","-n","3;0","'.'",46,"','",44,"h:mm:ss","dd/MM/yyyy","ltr","Spanish (Spain, Traditional Sort)","español (España, alfabetización tradicional)"
"'540A'","es-US","-n","3;0","','",44,"'.'",46,"h:mm:ss","M/d/yyyy","ltr","Spanish (United States)","español (Estados Unidos)"
"'380A'","es-UY","-n","3;0","'.'",46,"','",44,"hh:mm:ss","d/M/yyyy","ltr","Spanish (Uruguay)","español (Uruguay)"
"'200A'","es-VE","-n","3;0","'.'",46,"','",44,"h:mm:ss","d/M/yyyy","ltr","Spanish (Venezuela)","español (Venezuela)"
"'001D'","sv","-n","3;0","' '",160,"','",44,"hh:mm:ss","yyyy-MM-dd","ltr","Swedish","svenska"
"'081D'","sv-FI","-n","3;0","' '",160,"','",44,"h:mm:ss","dd-MM-yyyy","ltr","Swedish (Finland)","svenska (Finland)"
"'041D'","sv-SE","-n","3;0","' '",160,"','",44,"hh:mm:ss","yyyy-MM-dd","ltr","Swedish (Sweden)","svenska (Sverige)"
"'0084'","gsw","-n","3;0","'’'",8217,"'.'",46,"h:mm:ss","dd.MM.yyyy","ltr","Swiss German","Schwiizertüütsch"
"'005A'","syr","-n","3;0","','",44,"'.'",46,"hh:mm:ss","dd/MM/yyyy","rtl","Syriac","ܣܘܪܝܝܐ"
"'045A'","syr-SY","-n","3;0","','",44,"'.'",46,"hh:mm:ss","dd/MM/yyyy","rtl","Syriac (Syria)","ܣܘܪܝܝܐ (ܣܘܪܝܐ)"
"'0028'","tg","-n","3;0","' '",160,"','",44,"hh:mm:ss","dd.MM.yyyy","ltr","Tajik","Тоҷикӣ"
"'0428'","tg-Cyrl-TJ","-n","3;0","' '",160,"','",44,"hh:mm:ss","dd.MM.yyyy","ltr","Tajik (Cyrillic, Tajikistan)","тоҷикӣ (Тоҷикистон)"
"'7C28'","tg-Cyrl","-n","3;0","' '",160,"','",44,"hh:mm:ss","dd.MM.yyyy","ltr","Tajik (Cyrillic)","Тоҷикӣ (Кирилликӣ)"
"'0049'","ta","-n","3;2;0","','",44,"'.'",46,"hh:mm:ss","dd-MM-yyyy","ltr","Tamil","தமிழ்"
"'0449'","ta-IN","-n","3;2;0","','",44,"'.'",46,"hh:mm:ss","dd-MM-yyyy","ltr","Tamil (India)","தமிழ் (இந்தியா)"
"'0849'","ta-LK","-n","3;2;0","','",44,"'.'",46,"h:mm:ss","d/M/yyyy","ltr","Tamil (Sri Lanka)","தமிழ் (இலங்கை)"
"'0044'","tt","-n","3;0","' '",160,"','",44,"hh:mm:ss","dd.MM.yyyy","ltr","Tatar","Татар"
"'0444'","tt-RU","-n","3;0","' '",160,"','",44,"hh:mm:ss","dd.MM.yyyy","ltr","Tatar (Russia)","Татар (Россия)"
"'004A'","te","-n","3;2;0","','",44,"'.'",46,"h:mm:ss","dd-MM-yyyy","ltr","Telugu","తెలుగు"
"'044A'","te-IN","-n","3;2;0","','",44,"'.'",46,"h:mm:ss","dd-MM-yyyy","ltr","Telugu (India)","తెలుగు (భారతదేశం)"
"'001E'","th","-n","3;0","','",44,"'.'",46,"h:mm:ss","d/M/yyyy","ltr","Thai","ไทย"
"'041E'","th-TH","-n","3;0","','",44,"'.'",46,"h:mm:ss","d/M/yyyy","ltr","Thai (Thailand)","ไทย (ไทย)"
"'0051'","bo","-n","3;0","','",44,"'.'",46,"h:mm:ss","yyyy/M/d","ltr","Tibetan","བོད་ཡིག"
"'0451'","bo-CN","-n","3;0","','",44,"'.'",46,"h:mm:ss","yyyy/M/d","ltr","Tibetan (China)","བོད་ཡིག (ཀྲུང་ཧྭ་མི་དམངས་སྤྱི་མཐུན་རྒྱལ་ཁབ།)"
"'0073'","ti","-n","3;0","','",44,"'.'",46,"h:mm:ss","dd/MM/yyyy","ltr","Tigrinya","ትግርኛ"
"'0873'","ti-ER","-n","3;0","','",44,"'.'",46,"h:mm:ss","dd/MM/yyyy","ltr","Tigrinya (Eritrea)","ትግርኛ (ኤርትራ)"
"'0473'","ti-ET","-n","3;0","','",44,"'.'",46,"h:mm:ss","dd/MM/yyyy","ltr","Tigrinya (Ethiopia)","ትግርኛ (ኢትዮጵያ)"
"'001F'","tr","-n","3;0","'.'",46,"','",44,"h:mm:ss","d.MM.yyyy","ltr","Turkish","Türkçe"
"'041F'","tr-TR","-n","3;0","'.'",46,"','",44,"h:mm:ss","d.MM.yyyy","ltr","Turkish (Türkiye)","Türkçe (Türkiye)"
"'0042'","tk","-n","3;0","' '",160,"','",44,"hh:mm:ss","dd.MM.yy 'ý.'","ltr","Turkmen","Türkmen dili"
"'0442'","tk-TM","-n","3;0","' '",160,"','",44,"hh:mm:ss","dd.MM.yy 'ý.'","ltr","Turkmen (Turkmenistan)","Türkmen dili (Türkmenistan)"
"'0022'","uk","-n","3;0","' '",160,"','",44,"h:mm:ss","dd.MM.yyyy","ltr","Ukrainian","українська"
"'0422'","uk-UA","-n","3;0","' '",160,"','",44,"h:mm:ss","dd.MM.yyyy","ltr","Ukrainian (Ukraine)","українська (Україна)"
"'002E'","hsb","-n","3;0","'.'",46,"','",44,"h:mm:ss","d.M.yyyy","ltr","Upper Sorbian","hornjoserbšćina"
"'042E'","hsb-DE","-n","3;0","'.'",46,"','",44,"h:mm:ss","d.M.yyyy","ltr","Upper Sorbian (Germany)","hornjoserbšćina (Němska)"
"'0020'","ur","-n","3;0","','",44,"'.'",46,"h:mm:ss","dd/MM/yyyy","rtl","Urdu","اُردو"
"'0820'","ur-IN","-n","3;0","','",44,"'.'",46,"h:mm:ss","d/M/yy","rtl","Urdu (India)","اردو (بھارت)"
"'0420'","ur-PK","-n","3;0","','",44,"'.'",46,"h:mm:ss","dd/MM/yyyy","rtl","Urdu (Pakistan)","اُردو (پاکستان)"
"'0080'","ug","-n","3;0","','",44,"'.'",46,"h:mm:ss","yyyy-M-d","rtl","Uyghur","ئۇيغۇرچە"
"'0480'","ug-CN","-n","3;0","','",44,"'.'",46,"h:mm:ss","yyyy-M-d","rtl","Uyghur (China)","ئۇيغۇرچە (جۇڭخۇا خەلق جۇمھۇرىيىتى)"
"'0043'","uz","-n","3;0","' '",160,"','",44,"h:mm:ss","dd/MM/yyyy","ltr","Uzbek","o‘zbek"
"'0843'","uz-Cyrl-UZ","-n","3;0","' '",160,"','",44,"h:mm:ss","dd/MM/yyyy","ltr","Uzbek (Cyrillic, Uzbekistan)","ўзбекча (Ўзбекистон)"
"'7843'","uz-Cyrl","-n","3;0","' '",160,"','",44,"h:mm:ss","dd/MM/yyyy","ltr","Uzbek (Cyrillic)","Ўзбек (Кирил)"
"'0443'","uz-Latn-UZ","-n","3;0","' '",160,"','",44,"h:mm:ss","dd/MM/yyyy","ltr","Uzbek (Latin, Uzbekistan)","o‘zbek (Oʻzbekiston)"
"'7C43'","uz-Latn","-n","3;0","' '",160,"','",44,"h:mm:ss","dd/MM/yyyy","ltr","Uzbek (Latin)","o‘zbek"
"'0803'","ca-ES-valencia","-n","3;0","'.'",46,"','",44,"h:mm:ss","d/M/yyyy","ltr","Valencian (Spain)","valencià (Espanya)"
"'0033'","ve","-n","3;0","' '",160,"','",44,"h:mm:ss","yyyy-MM-dd","ltr","Venda","Tshivenḓa"
"'0433'","ve-ZA","-n","3;0","' '",160,"','",44,"h:mm:ss","yyyy-MM-dd","ltr","Venda (South Africa)","Tshivenḓa (South Africa)"
"'002A'","vi","-n","3;0","'.'",46,"','",44,"h:mm:ss","dd/MM/yyyy","ltr","Vietnamese","Tiếng Việt"
"'042A'","vi-VN","-n","3;0","'.'",46,"','",44,"h:mm:ss","dd/MM/yyyy","ltr","Vietnamese (Vietnam)","Tiếng Việt (Việt Nam)"
"'0052'","cy","-n","3;0","','",44,"'.'",46,"h:mm:ss","dd/MM/yyyy","ltr","Welsh","Cymraeg"
"'0452'","cy-GB","-n","3;0","','",44,"'.'",46,"h:mm:ss","dd/MM/yyyy","ltr","Welsh (United Kingdom)","Cymraeg (Y Deyrnas Unedig)"
"'0062'","fy","-n","3;0","'.'",46,"','",44,"h:mm:ss","dd-MM-yyyy","ltr","Western Frisian","Frysk"
"'0462'","fy-NL","-n","3;0","'.'",46,"','",44,"h:mm:ss","dd-MM-yyyy","ltr","Western Frisian (Netherlands)","Frysk (Nederlân)"
"'0088'","wo","-n","3;0","' '",160,"','",44,"hh:mm:ss","dd/MM/yyyy","ltr","Wolof","Wolof"
"'0488'","wo-SN","-n","3;0","' '",160,"','",44,"hh:mm:ss","dd/MM/yyyy","ltr","Wolof (Senegal)","Wolof (Senegaal)"
"'0031'","ts","-n","3;0","' '",160,"','",44,"h:mm:ss","yyyy-MM-dd","ltr","Xitsonga","Xitsonga"
"'0431'","ts-ZA","-n","3;0","' '",160,"','",44,"h:mm:ss","yyyy-MM-dd","ltr","Xitsonga (South Africa)","Xitsonga (South Africa)"
"'0078'","ii","-n","3;0","','",44,"'.'",46,"h:mm:ss","yyyy/M/d","ltr","Yi","ꆈꌠꁱꂷ"
"'0478'","ii-CN","-n","3;0","','",44,"'.'",46,"h:mm:ss","yyyy/M/d","ltr","Yi (China)","ꆈꌠꁱꂷ (ꍏꉸꏓꂱꇭꉼꇩ)"
"'003D'","yi","-n","3;0","','",44,"'.'",46,"h:mm:ss","dd/MM/yyyy","rtl","Yiddish","ייִדיש"
"'043D'","yi-001","-n","3;0","','",44,"'.'",46,"h:mm:ss","dd/MM/yyyy","rtl","Yiddish (World)","ייִדיש (וועלט)"
"'006A'","yo","-n","3;0","','",44,"'.'",46,"h:mm:ss","d/M/yyyy","ltr","Yoruba","Èdè Yorùbá"
"'046A'","yo-NG","-n","3;0","','",44,"'.'",46,"h:mm:ss","d/M/yyyy","ltr","Yoruba (Nigeria)","Èdè Yorùbá (Orilẹ̀-èdè Nàìjíríà)"
